,community,coefficient
0,Community 0,0.2636103030247914
1,Community 23,-0.05031163296342005
2,Community 48,-0.18627888666110662
3,Community 27,-0.20321829493182447
4,Community 2,-0.27294783576223686
5,Community 7,-0.4184358573596477
